created_utc,URL,selftext,title,upvote_ratio,created,Time
1600369917,https://www.reddit.com/r/EpicGamesPC/comments/iuq7gp/watchdogs_2_is_of_62_gb/,[removed],Watchdogs 2 is of 62 GB?,1.0,1600326717.0,2020-09-18 07:11:57
1600368806,https://www.reddit.com/r/EpicGamesPC/comments/iupu1p/cant_launch_games_in_offline_mode/,[removed],Can't launch games in offline mode,1.0,1600325606.0,2020-09-18 06:53:26
1600364730,https://www.reddit.com/r/EpicGamesPC/comments/iuohtx/opening_watch_dogs_through_epic_without_uplay/,[removed],"Opening Watch_Dogs through Epic, without Uplay?",1.0,1600321530.0,2020-09-18 05:45:30
1600363683,https://www.reddit.com/r/EpicGamesPC/comments/iuo4ts/so_um/,[removed],So um,1.0,1600320483.0,2020-09-18 05:28:03
1600362078,https://www.reddit.com/r/EpicGamesPC/comments/iunklz/how_many_of_you_guys_have_bought_something_on/,"[removed]

[View Poll](https://www.reddit.com/poll/iunklz)",How many of you guys have bought something on epic Games,1.0,1600318878.0,2020-09-18 05:01:18
1600362047,https://www.reddit.com/r/EpicGamesPC/comments/iunk74/real_nice_epic_you_price_the_watch_dog_2_deluxe/,Real nice Epic you price the Watch Dog 2 deluxe upgrade to $1 less so no coupon use. What do you think about them doing stuff like that? Be nice don't be rude. Leave your thoughts.,Real nice Epic you price the Watch Dog 2 deluxe upgrade to $1 less so no coupon use.,1.0,1600318847.0,2020-09-18 05:00:47
1600361097,https://www.reddit.com/r/EpicGamesPC/comments/iun8oz/wait_its_all_free_never_has_been/,,"wait, it`s all free? üî´ never has been",1.0,1600317897.0,2020-09-18 04:44:57
1600360765,https://www.reddit.com/r/EpicGamesPC/comments/iun4jo/question_about_epic_games_store/,"I have just downloaded Football Manager 2020 from the Epic Games Store, and I am wondering where I can find the editor for the game?",Question about Epic Games Store,1.0,1600317565.0,2020-09-18 04:39:25
1600360222,https://www.reddit.com/r/EpicGamesPC/comments/iumxzm/email_verification_not_working/,[removed],email verification not working,1.0,1600317022.0,2020-09-18 04:30:22
1600359372,https://www.reddit.com/r/EpicGamesPC/comments/iumnss/connected_wrong_account_to_rocket_league_please/,[removed],Connected wrong account to Rocket League (Please read the post because it's not an easy solution),1.0,1600316172.0,2020-09-18 04:16:12
1600358625,https://www.reddit.com/r/EpicGamesPC/comments/iumene/stick_to_the_man_connection_linked/,[removed],Stick to the man connection linked,1.0,1600315425.0,2020-09-18 04:03:45
1600357527,https://www.reddit.com/r/EpicGamesPC/comments/ium1d3/watch_dogs_2_free_on_epic_games/,,Watch Dogs 2 free on Epic Games,1.0,1600314327.0,2020-09-18 03:45:27
1600357480,https://www.reddit.com/r/EpicGamesPC/comments/ium0ue/football_manager_2020_free_on_epic_games/,,Football Manager 2020 free on Epic Games,1.0,1600314280.0,2020-09-18 03:44:40
1600357428,https://www.reddit.com/r/EpicGamesPC/comments/ium07a/football_manager_2020_free_100_on_epic_game/,[deleted],Football Manager 2020 free (100%) on Epic Game,1.0,1600314228.0,2020-09-18 03:43:48
1600357025,https://www.reddit.com/r/EpicGamesPC/comments/iulvco/a_question_about_having_1_epic_account_on_2/,[removed],A question about having 1 epic account on 2 laptops,1.0,1600313825.0,2020-09-18 03:37:05
1600356417,https://www.reddit.com/r/EpicGamesPC/comments/iulo53/football_manager_2020_has_achievements/,,Football manager 2020 has achievements,1.0,1600313217.0,2020-09-18 03:26:57
1600355356,https://www.reddit.com/r/EpicGamesPC/comments/iulbru/watch_dogs_2_football_manager_2020_and_stick_it/,"- [Watch Dogs 2](https://www.epicgames.com/store/en-US/product/watch-dogs-2/home)

- [Football Manager 2020](https://www.epicgames.com/store/en-US/product/football-manager-2020/home)

- [Stick It To The Man!](https://www.epicgames.com/store/en-US/product/stick-it-to-the-man/home)

&amp;nbsp;

Next week's free game:

- [RollerCoaster Tycoon 3 Complete Edition](https://www.epicgames.com/store/en-US/product/rollercoaster-tycoon-3-complete-edition/home)","Watch Dogs 2, Football Manager 2020 and Stick It To The Man! are currently free on the Epic Games Store (September 17 - September 24)",1.0,1600312156.0,2020-09-18 03:09:16
1600355177,https://www.reddit.com/r/EpicGamesPC/comments/iul9l6/this_weeks_free_games/,"&amp;#x200B;

https://preview.redd.it/c856z2kz3qn51.png?width=1067&amp;format=png&amp;auto=webp&amp;s=716f032bd30367ccda289f18235cf4aab4358786",This week's free games.,1.0,1600311977.0,2020-09-18 03:06:17
1600355152,https://www.reddit.com/r/EpicGamesPC/comments/iul9a6/holyshit/,,HOLYSHIT,1.0,1600311952.0,2020-09-18 03:05:52
1600355140,https://www.reddit.com/r/EpicGamesPC/comments/iul95a/watch_dogs_2_free/,,Watch Dogs 2 FREE,1.0,1600311940.0,2020-09-18 03:05:40
1600354874,https://www.reddit.com/r/EpicGamesPC/comments/iul5yk/stick_it_to_the_man_is_currently_free_on_the_epic/,,Stick It To The Man! is currently free on the Epic Games Store (September 17 - September 24),1.0,1600311674.0,2020-09-18 03:01:14
1600351352,https://www.reddit.com/r/EpicGamesPC/comments/iuk28e/anyone_know_why_the_epic_games_launcher_just/,[removed],Anyone know why the epic games launcher just laggs very much when you update a game (not the update lagging the launcher like library or store),1.0,1600308152.0,2020-09-18 02:02:32
1600347922,https://www.reddit.com/r/EpicGamesPC/comments/iuj1q6/our_source_says_amnesia_a_machine_for_pigs_will/,,"Our source says ""Amnesia: A Machine for Pigs"" will be the next free game on Epic Games Store, that will be revealed in 2 hours!",1.0,1600304722.0,2020-09-18 01:05:22
1600347881,https://www.reddit.com/r/EpicGamesPC/comments/iuj1ba/bug_after_the_recent_update_all_games_are_free/,,[Bug] After the recent update - all games are free!,1.0,1600304681.0,2020-09-18 01:04:41
1600346720,https://www.reddit.com/r/EpicGamesPC/comments/iuipx9/im_tryna_connect_my_steam_to_epic_games_but_when/,,"I'm tryna connect my steam to Epic Games, but when I click the black STEAM box nothing happens.",1.0,1600303520.0,2020-09-18 00:45:20
1600344841,https://www.reddit.com/r/EpicGamesPC/comments/iui8j0/what_did_he_do_again/,,What did he do again?,1.0,1600301641.0,2020-09-18 00:14:01
1600339522,https://www.reddit.com/r/EpicGamesPC/comments/iuh1p0/i_cant_change_or_verify_my_email_address_there_is/,,"I can‚Äòt change or verify my email address. There is no existent email address linked to my account and when I try to change the email address, the pop up box says 'A security code has been sent to your email address at undefined'",1.0,1600296322.0,2020-09-17 22:45:22
1600331957,https://www.reddit.com/r/EpicGamesPC/comments/iufjvm/question/,[removed],Question,1.0,1600288757.0,2020-09-17 20:39:17
1600325959,https://www.reddit.com/r/EpicGamesPC/comments/iuebsf/fuck_you_and_goodnight/," Been playing Rocket League for years. Payed over 170$ into it. now it won't let me play. Fuck you Epic Games you chub dicked, slimy cunt, ass faced, ground eaters. Fuck your shit company and everything they do. A plague upon your house.",Fuck You And Goodnight,1.0,1600282759.0,2020-09-17 18:59:19
1600323228,https://www.reddit.com/r/EpicGamesPC/comments/iuds00/epic_game_performance/,[removed],Epic Game Performance,1.0,1600280028.0,2020-09-17 18:13:48
1600312029,https://www.reddit.com/r/EpicGamesPC/comments/iub3qd/path_of_exile_a_free_to_play_game_finally/,,"Path of Exile, a free to play game, finally released on EGS!",1.0,1600268829.0,2020-09-17 15:07:09
1600305311,https://www.reddit.com/r/EpicGamesPC/comments/iu99mm/any_epic_employs_here_need_help_asap/,[removed],Any epic employs here need help asap,1.0,1600262111.0,2020-09-17 13:15:11
1600304193,https://www.reddit.com/r/EpicGamesPC/comments/iu8yke/if_i_change_my_display_name_will_it_become/,[removed],"If I change my display name, will it become available for others to use?",1.0,1600260993.0,2020-09-17 12:56:33
1600302331,https://www.reddit.com/r/EpicGamesPC/comments/iu8fp8/ftp/,I know i should not be refunded for the $20 i spent on the game whenever it goes free to play. But it feela bogus and i think anyone who purchased before free to play should be at least awarded an in game item or in game currency.,FTP,1.0,1600259131.0,2020-09-17 12:25:31
1600299390,https://www.reddit.com/r/EpicGamesPC/comments/iu7ljk/does_epic_plan_to_allow_listings_of_other/,[removed],Does Epic Plan To Allow Listings Of Other Software Through Their Client?,1.0,1600256190.0,2020-09-17 11:36:30
1600296531,https://www.reddit.com/r/EpicGamesPC/comments/iu6qc0/epic_games_linking_issue/,[removed],epic games linking issue,1.0,1600253331.0,2020-09-17 10:48:51
1600293160,https://www.reddit.com/r/EpicGamesPC/comments/iu5ofn/anyone_know_what_this_is_been_like_this_for_2/,,"Anyone know what this is? Been like this for 2 years, can‚Äôt play Fortnite, and can‚Äôt play rocket league on my accounts linked to my epic. I need a solution",1.0,1600249960.0,2020-09-17 09:52:40
1600292954,https://www.reddit.com/r/EpicGamesPC/comments/iu5m02/linking_new_ps4_account/,[removed],Linking New PS4 Account,1.0,1600249754.0,2020-09-17 09:49:14
1600291678,https://www.reddit.com/r/EpicGamesPC/comments/iu572f/downloads_restarting_please_help/,"Hey I am new to this subreddit so I dunno if this has ever been discussed here before but here is my problem:  
I recently bought RDR2 on Epic store and then started downloading it... but because my download speed is pretty low I have to split the download into multiple days... 20% were already downloaded when I wanted to exit epic to be able to switch off my pc but this warning popped up upon exiting epic... I thought that it won¬¥t restart the download because I have downloaded from epic before and it didn¬¥t happen to me so I ignored the warning and exited epic anyway... but today I wanted to resume the download but when I opened up epic it said I have 0% downloaded... and it also deleted the files it downloaded... I was speechless since this is such a stupid mechanic... I don¬¥t want to let my pc running when I am not at home so it should be possible for me to pause the download and resume even after exiting epic... soo is there any way around this ? Or do I have to let the pc run for like 5 days ?",Downloads restarting... PLEASE HELP,1.0,1600248478.0,2020-09-17 09:27:58
1600291170,https://www.reddit.com/r/EpicGamesPC/comments/iu50so/rocket_league_on_september_23_24_for_some/,,Rocket League on September 23 (24 for some countries) will give you 10$ coupon to get you motivated to buy something from Epic Games Store. You will just need to download the game and you will recieve the coupon that can be used for games with price tag 14.99$ and higher.,1.0,1600247970.0,2020-09-17 09:19:30
1600290595,https://www.reddit.com/r/EpicGamesPC/comments/iu4tii/cant_play_a_game_of_uplay_that_i_bought_on_epic/,[removed],Cant play a game of uplay that i bought on epic games,0.99,1600247395.0,2020-09-17 09:09:55
1600288849,https://www.reddit.com/r/EpicGamesPC/comments/iu47g3/rocket_league_game_menu_is_worse_than_it_was/,"And I'm not the only one who agrees with this.This part is acceptable, all of them should be like this:[https://i.imgur.com/Sdk0knI.jpg](https://i.imgur.com/Sdk0knI.jpg)

I like the fact that the ""searching"" box is on top. Sometimes it was really annoying on the right side of the screen. But this simple black styled menu is garbage and boring, just as Epic Game's launcher. And this is coming from a guy who's favorit color is black!!!!!! Also the new ""game mode selection menu"" if we can call it, would be great if they would not be too confusing. For example don't change the order of them.

[https://i.imgur.com/k9lMIe5.png](https://i.imgur.com/k9lMIe5.png)

[https://i.imgur.com/9tKuCUD.png](https://i.imgur.com/9tKuCUD.png)

[https://i.imgur.com/Hnyha8i.png](https://i.imgur.com/Hnyha8i.png)

[https://i.imgur.com/UiMzKPP.png](https://i.imgur.com/UiMzKPP.png)

[https://i.imgur.com/eV8XUxI.png](https://i.imgur.com/eV8XUxI.png)

[https://i.imgur.com/1ScOth6.png](https://i.imgur.com/1ScOth6.png)

[https://i.imgur.com/NYkXN5v.png](https://i.imgur.com/NYkXN5v.png)

[https://i.imgur.com/91ZxxOC.png](https://i.imgur.com/91ZxxOC.png)",Rocket League game menu is worse than it was,1.0,1600245649.0,2020-09-17 08:40:49
1600287319,https://www.reddit.com/r/EpicGamesPC/comments/iu3oe9/rocket_leage_game_menu_is_worse_than_it_was/,"And I'm not the only one who agrees with this.  
This part is acceptable, all of them should be like this:  
[https://i.imgur.com/Sdk0knI.jpg](https://i.imgur.com/Sdk0knI.jpg) 

I like the fact that the ""searching"" box is on top. Sometimes it was really annoying on the right side of the screen. But this simple black styled menu is garbage and boring, just as Epic Game's launcher. And this is coming from a guy who's favorit color is black!!!!!! Also the new ""game mode selection menu"" if we can call it, would be great if they would not be too confusing. For example don't change the order of them. 

[https://i.imgur.com/k9lMIe5.png](https://i.imgur.com/k9lMIe5.png)

[https://i.imgur.com/9tKuCUD.png](https://i.imgur.com/9tKuCUD.png)

[https://i.imgur.com/Hnyha8i.png](https://i.imgur.com/Hnyha8i.png)

[https://i.imgur.com/UiMzKPP.png](https://i.imgur.com/UiMzKPP.png)

[https://i.imgur.com/eV8XUxI.png](https://i.imgur.com/eV8XUxI.png)

[https://i.imgur.com/1ScOth6.png](https://i.imgur.com/1ScOth6.png)

[https://i.imgur.com/NYkXN5v.png](https://i.imgur.com/NYkXN5v.png)

[https://i.imgur.com/91ZxxOC.png](https://i.imgur.com/91ZxxOC.png)",Rocket Leage game menu is worse than it was,1.0,1600244119.0,2020-09-17 08:15:19
1600286872,https://www.reddit.com/r/EpicGamesPC/comments/iu3io7/epic_creat_race_games_for_escape_pilots_racers/,[removed],"epic creat race games "" for escape pilots "" (Racers)",1.0,1600243672.0,2020-09-17 08:07:52
1600286646,https://www.reddit.com/r/EpicGamesPC/comments/iu3fq3/has_epic_remlved_jc4_i_have_it_in_li_library_but/,,Has epic remlved jc4? I have it in li library but i can't downloas it. Downloading everything else works just fine.,1.0,1600243446.0,2020-09-17 08:04:06
1600285765,https://www.reddit.com/r/EpicGamesPC/comments/iu34mz/i_have_a_10_coupon_from_the_summer_sale_i_saw/,,I have a 10$ coupon from the Summer sale. I saw that you also get a 10$ coupon buy claiming Rocket League soon after launch. Will I be able to use both coupons on one purchase or not? Thanks?,1.0,1600242565.0,2020-09-17 07:49:25
1600283333,https://www.reddit.com/r/EpicGamesPC/comments/iu28z7/how_do_i_play_railway_empire_on_epic_games/,[removed],how do i play railway empire on epic games?,1.0,1600240133.0,2020-09-17 07:08:53
1600283228,https://www.reddit.com/r/EpicGamesPC/comments/iu27a6/how_do_i_play_railway_empire_from_epic/,"i downloaded epic. collected Railway Empire. downloaded railway empire.

launched railway empire, fail says ""msvcp140.dll missing"". after lots of googling go to microsoft and download  Visual Studio 2015, 2017 and 2019. 

then launch the game. it opens but says ""The user 'ubekannt' was unable to be signed in. click x, game opens shows me the characters then a message appears""game stopped working."" 

Now if i launch it it gives me the uberkannt message then the stopped working one instantly follows.

Any ideas, who the hell is uberkannt and why is it trying to log him in. ive never used epic before only just now because i was told the game was free on it. is epic actually a legitimate source? took 5 hours to download (had to do it twice thus far"" and doesnt bloody work.",how do i play railway empire from epic,1.0,1600240028.0,2020-09-17 07:07:08
1600282466,https://www.reddit.com/r/EpicGamesPC/comments/iu1xwe/rocket_league/,Epic games have ruined Fortnite the mother fuckers what will they ruin next,Rocket League,1.0,1600239266.0,2020-09-17 06:54:26
1600282310,https://www.reddit.com/r/EpicGamesPC/comments/iu1w0i/i_hate_epic_with_a_passion_they_ruin_every_game/,,I hate epic with a passion they ruin every game the nobs,1.0,1600239110.0,2020-09-17 06:51:50
1600281969,https://www.reddit.com/r/EpicGamesPC/comments/iu1rxp/rocket_league_interface_feedback/,"One of the great things with the previous menu layout was that everything was easily accessible. Queueing for a match? 3 clicks max, usually 2 unless you keep switching gamemodes.  
Training while you wait for a match? 2 clicks.  
Wanna queue up for the same thing you just played? 1 click.  


You didn't have to go through several ""folders"" to get where you needed, you could quickly and efficiently get where you needed to go. It may seem like being picky, but reducing ""road blocks"" to get into a game is extremely important. I for one don't understand why Epic Games decided to take a UI that was fantastic, and replace it with this clumsy UI which reeks of the first attempt by an indie developer. It's not like there wasn't already a good template to build on.",[Rocket League] Interface feedback,1.0,1600238769.0,2020-09-17 06:46:09
1600281836,https://www.reddit.com/r/EpicGamesPC/comments/iu1qby/ef_you_epic_games_what_is_this_st/,,Ef you Epic Games... What is this s**t?,1.0,1600238636.0,2020-09-17 06:43:56
1600281546,https://www.reddit.com/r/EpicGamesPC/comments/iu1ml6/rocket_league_steam_workshop_maps_removed_in_the/,"Player-created maps in the Steam workshop are invaluable. You can get much better car and ball control from playing them, since they aren't limited to the usual Rocket League arena.   


Custom training maps are all well and good, but they aren't the end-all be-all. Removing access to any sort of downloadable maps where you can challenge yourself or find a more specific type of training makes the game tremendously worse for me, and I'm sure many others.","[Rocket League] Steam workshop maps removed in the move, this needs to be resolved",1.0,1600238346.0,2020-09-17 06:39:06
1600280846,https://www.reddit.com/r/EpicGamesPC/comments/iu1do8/epic_games_multiple_devices_one_account/,[removed],epic games multiple devices one account,1.0,1600237646.0,2020-09-17 06:27:26
1600278763,https://www.reddit.com/r/EpicGamesPC/comments/iu0ny3/rocket_league/,"I have rocket league on both pc and ps4, tho i rarely use my ps4 anymore. i linked my steam and ps4 to my epic account but yet i dont have any of my ps4 inventory. anyone know why?",Rocket league,1.0,1600235563.0,2020-09-17 05:52:43
1600278367,https://www.reddit.com/r/EpicGamesPC/comments/iu0izo/free_games_that_have_been_on_epic_whats_your/,"I've been out of the loop for a while.  I had no idea so many cool games have been release on Epic, for FREE.  Civilization 6 which is a $60 game will be sorely missed....  How did I miss it!?

What are some of your favorites and what are some of the epic ones I've missed out on?","Free games that have been on Epic, whats your favorite?",1.0,1600235167.0,2020-09-17 05:46:07
1600277547,https://www.reddit.com/r/EpicGamesPC/comments/iu08q3/is_this_normal_it_doesnt_really_seem_like_the/,,Is this normal? It doesn't really seem like the numbers match,1.0,1600234347.0,2020-09-17 05:32:27
1600275711,https://www.reddit.com/r/EpicGamesPC/comments/itzmuv/pc_logged_into_epic_full_bar_internet_connection/,,PC - Logged into Epic &amp; Full Bar Internet Connection...... yet... can‚Äôt play the game I bought..........,1.0,1600232511.0,2020-09-17 05:01:51
1600275644,https://www.reddit.com/r/EpicGamesPC/comments/itzm2m/i_cant_play_ark_aberation_also_all_multiplayer/,"Every time I try to play ark aberation it brings me to the epic games store and tells me to buy it.(I already own it) also all the multiplayer buttons are gone, like join game, play non dedicated server etc. help",I can't play ark aberation. also all multiplayer buttons are gone.,1.0,1600232444.0,2020-09-17 05:00:44
1600275082,https://www.reddit.com/r/EpicGamesPC/comments/itzfku/cannot_start_thps12_with_epic_launcher/," 

I am getting the following error on the starting screen: [https://imgur.com/a/dElw6Fs](https://imgur.com/a/dElw6Fs)

Did anyone had this problem?

I have a stable internet connecion and also connected to the epic launcher...",Cannot start THPS1+2 with Epic Launcher,1.0,1600231882.0,2020-09-17 04:51:22
1600272906,https://www.reddit.com/r/EpicGamesPC/comments/itypef/how_to_link_your_epic_account_in_rocket_league_to/,,"How to link your Epic account in Rocket league to steam, xbox, PlayStation, Nintendo switch officially from the Epic games YouTube channel",1.0,1600229706.0,2020-09-17 04:15:06
1600272808,https://www.reddit.com/r/EpicGamesPC/comments/ityo8p/borderlands_2_dlc/,[removed],Borderlands 2 DLC,1.0,1600229608.0,2020-09-17 04:13:28
1600267424,https://www.reddit.com/r/EpicGamesPC/comments/itwvkz/epic_games_launcher_download_stuck_at_000bs/,I have tried a bunch of stuff but it does not help sometimes it goes up to maybe 7 mb for like 2 or 3 seconds then goes down again,Epic games launcher download stuck at 0.00B/s,1.0,1600224224.0,2020-09-17 02:43:44
1600264785,https://www.reddit.com/r/EpicGamesPC/comments/itw2an/can_i_use_multiple_accounts_of_epic_games_in_a/,"I bought GTA V in my primary account and by mistake, I played Fortnite on my Another account.

Since, I'll be getting a new pc, Can I Switch Accounts simultaneously to play which game I like? 

(Like I'll login into one account to play GTA and log out of this account and then I'll play Fortnite in my another account.)

Thanks for the Help anyways:)",Can I use multiple Accounts of Epic Games in a single PC?,1.0,1600221585.0,2020-09-17 01:59:45
1600263865,https://www.reddit.com/r/EpicGamesPC/comments/itvsga/trying_to_install_epic_games_launcher/,[removed],Trying to Install Epic Games Launcher,1.0,1600220665.0,2020-09-17 01:44:25
1600245861,https://www.reddit.com/r/EpicGamesPC/comments/itrt7w/can_i_hold_two_10_off_coupons_at_once/,[removed],Can I hold two 10$ off coupons at once?,1.0,1600202661.0,2020-09-16 20:44:21
1600244054,https://www.reddit.com/r/EpicGamesPC/comments/itridv/so_can_anyone_help/,[removed],So can anyone help,1.0,1600200854.0,2020-09-16 20:14:14
1600237120,https://www.reddit.com/r/EpicGamesPC/comments/itq7qe/twin_mirror_is_actually_another_egs_oneyear/,,Twin Mirror is actually another EGS One-Year exclusive!,1.0,1600193920.0,2020-09-16 18:18:40
1600235100,https://www.reddit.com/r/EpicGamesPC/comments/itpsvu/weird_bug/,[removed],Weird bug,1.0,1600191900.0,2020-09-16 17:45:00
1600231010,https://www.reddit.com/r/EpicGamesPC/comments/itox2z/i_cant_play_civ_6_in_offline_mode/,[removed],I can't play Civ 6 in offline mode.,1.0,1600187810.0,2020-09-16 16:36:50
1600218231,https://www.reddit.com/r/EpicGamesPC/comments/itlo6v/creative_mode_in_fortnite_need_to_be_improved/,"Epic games needs to start putting things in creative. They need to start realizing that they don‚Äôt just have a battle royal audience but they also have creative mode audience as well. They need to make changes and add more into it. They have stop ever since the reset of fortnite.We the creative mode audience want more then just prefabs we want more mythic weapons and a lot more like memory space,more islands,no maxed islands, more islands space, more hight, more wide, bigger, longer like the actual map, and designs and islands controls.",Creative mode in fortnite need to be improved,1.0,1600175031.0,2020-09-16 13:03:51
1600212496,https://www.reddit.com/r/EpicGamesPC/comments/itk5ms/how_is_there_still_no_invisible_appear_offline/,sometimes i just want to play all by myself if i feel like it and just chill. i dont want to think of excuses and lies for my friends anymore. just let me have some alone time. i have been waiting on this feature for literal years and its still not in the launcher. why?,how is there still no invisible/ appear offline mode?,1.0,1600169296.0,2020-09-16 11:28:16
1600209914,https://www.reddit.com/r/EpicGamesPC/comments/itjh3j/if_you_add_rocket_league_to_your_library_between/,"Source is the [RL announcement](https://www.rocketleague.com/news/rocket-league-free-to-play-arrives-september-23/). So, wait until 9.23 and add the game!",If you add Rocket League to your library between September 23 and October 23 you will receive a $10 EGS coupon that is redeemable on games and add-ons $14.99 and up.,1.0,1600166714.0,2020-09-16 10:45:14
1600208098,https://www.reddit.com/r/EpicGamesPC/comments/itiy44/epic_launcher_violating_iana_rules/,"[https://forums.unrealengine.com/unreal-engine/feedback-for-epic/1800085-please-stop-violating-iana-rules](https://forums.unrealengine.com/unreal-engine/feedback-for-epic/1800085-please-stop-violating-iana-rules)

The background is that the epic games launcher uses a multicast protocol reserved for IPTV services, causing IPTV services on the same network to freeze as soon as a game like fortnite launches.

They refuse to fix the issue and has even given one of their own employees a warning for bringing the issue up. This is one of the things that sparked the whole epic launcher hate, because one of my comments on the phoenix point discord had a guy doing a wireshark study and posting about it on reddit.",EPIC Launcher violating IANA rules,1.0,1600164898.0,2020-09-16 10:14:58
1600202020,https://www.reddit.com/r/EpicGamesPC/comments/ith2tn/ghost_runner_is_priced_at_rs_558_on_epic_compared/,,Ghost runner is priced at Rs 558 on epic compared to Rs 1500 on steam,1.0,1600158820.0,2020-09-16 08:33:40
1600198273,https://www.reddit.com/r/EpicGamesPC/comments/itftcf/does_civilization_vi_work_on_macos_on_the_epic/,[removed],Does Civilization VI work on MacOS on the Epic Game Store?,1.0,1600155073.0,2020-09-16 07:31:13
1600193091,https://www.reddit.com/r/EpicGamesPC/comments/ite32p/amnesia_rebirth_is_available_for_preorder/,,Amnesia Rebirth is available for pre-order,1.0,1600149891.0,2020-09-16 06:04:51
1600186126,https://www.reddit.com/r/EpicGamesPC/comments/itbtl6/twin_mirror_trailer_reveal_launch_1_december_with/,,"Twin Mirror Trailer reveal, Launch 1 December with pre-order finally open",1.0,1600142926.0,2020-09-16 04:08:46
1600185747,https://www.reddit.com/r/EpicGamesPC/comments/itbovu/rocket_league_goes_free_to_play_on_september_23/,,Rocket League goes free to play on September 23,1.0,1600142547.0,2020-09-16 04:02:27
1600184827,https://www.reddit.com/r/EpicGamesPC/comments/itbdtw/set_install_location_to_a_game/,[removed],Set install location to a game?,1.0,1600141627.0,2020-09-16 03:47:07
1600182781,https://www.reddit.com/r/EpicGamesPC/comments/itaptp/email/,I recently lost access to my old email and made a new email but i cant change it because i need a code from the old email what should i do,Email,1.0,1600139581.0,2020-09-16 03:13:01
1600178012,https://www.reddit.com/r/EpicGamesPC/comments/it97cj/epic_games_logs_you_out_sooner_than_30_days/,They say that the epic games store or launcher logs you out every 30 days but for me it's just very random sometimes it logs me out after 15 days sometimes after 10 days and it's just very random does anyone have any answer on that ?,Epic games logs you out sooner than 30 days,1.0,1600134812.0,2020-09-16 01:53:32
1600154445,https://www.reddit.com/r/EpicGamesPC/comments/it3zdw/multiple_accounts_on_shared_pc/,[removed],Multiple accounts on shared PC,1.0,1600111245.0,2020-09-15 19:20:45
1600140868,https://www.reddit.com/r/EpicGamesPC/comments/it0vwd/why_does_gta5_need_admin_access/,"Bought GTA5 from the epic store only to find it uses the dumb rockstar launcher, but why does Epic launcher try to start GTA5 with a UAC prompt?

When I select Launch in the epic launcher it starts ""Rockstar-Games-Epic.exe"", when I launch the rockstar launcher it runs without admin access but I cannot start GTA5 as it says ""Play on Epic"", running Rockstar-Games-Epic.exe on its own does not start the game. 

I want the kid to be able to play the game but i don't want to give up my admin password or give him a elevated account.

&amp;#x200B;

Anyway to get this to work? its dumb how a launcher installs a launcher that still needs admin rights. Had i known this i would have bought on Steam",Why does GTA5 need admin access?,1.0,1600097668.0,2020-09-15 15:34:28
1600137608,https://www.reddit.com/r/EpicGamesPC/comments/it011q/just_in_case_you_didnt_see/,,Just in case you didn't see,1.0,1600094408.0,2020-09-15 14:40:08
1600128104,https://www.reddit.com/r/EpicGamesPC/comments/isxdbz/anyway_to_scale_down_the_interface/,[removed],Anyway to scale down the interface?,1.0,1600084904.0,2020-09-15 12:01:44
1600124407,https://www.reddit.com/r/EpicGamesPC/comments/iswb2a/gta_v_was_removed_from_my_library/,,GTA V was removed from my library,1.0,1600081207.0,2020-09-15 11:00:07
1600123778,https://www.reddit.com/r/EpicGamesPC/comments/isw49e/eos_api_failed_to_initialize/,"When starting Spellbreak for example i have tons of EOS errors.   


Do any of you have any fix for that ? I have no clue",EOS API failed to initialize,1.0,1600080578.0,2020-09-15 10:49:38
1600122611,https://www.reddit.com/r/EpicGamesPC/comments/isvrqq/gta_5_wont_launch/,I just purchased gta 5 from the epic games launcher and when I go to launch it crashes right away does anyone know how to fix this I have tried to verify the files and all is good,GTA 5 won‚Äôt launch,1.0,1600079411.0,2020-09-15 10:30:11
1600118685,https://www.reddit.com/r/EpicGamesPC/comments/isuila/help_no_epic_game_store_in_the_launcher/,"&amp;#x200B;

https://preview.redd.it/nszrf4qqk6n51.png?width=1521&amp;format=png&amp;auto=webp&amp;s=780959c4effc85541236bff6ab25d3450ad5dd2b",HELP! No epic game store in the launcher,1.0,1600075485.0,2020-09-15 09:24:45
1600118177,https://www.reddit.com/r/EpicGamesPC/comments/isuckn/i_think_i_dont_know_how_to_take_screenshots_in/,[removed],i think i dont know how to take screenshots in tottaly accurate battle simulator pls help,1.0,1600074977.0,2020-09-15 09:16:17
1600116092,https://www.reddit.com/r/EpicGamesPC/comments/istmst/epic_games_basically_scamming/,My cousin bought siege from epic games. And he cant play it. Uplay always asks for a activation code,Epic games basically scamming?,1.0,1600072892.0,2020-09-15 08:41:32
1600116056,https://www.reddit.com/r/EpicGamesPC/comments/istmcd/buying_expansions_on_the_epic_games_store_for/,[removed],Buying expansions on the Epic Games Store for games your already own on uPlay,1.0,1600072856.0,2020-09-15 08:40:56
1600113900,https://www.reddit.com/r/EpicGamesPC/comments/issuf8/free_game_in_store_page_but_when_you_click_it/,,Free game in store page but when you click it full price appears [Bug],1.0,1600070700.0,2020-09-15 08:05:00
1600112059,https://www.reddit.com/r/EpicGamesPC/comments/iss6t1/sale_countdown/,"I know steam has one and I was wondering if anyone has done one for epic store yet

I was thinking of getting rdr2 but one of my friends told me I should wait until there is another coupon for a sale and while I was looking at when the next seasonal sale was I started wondering about a countdown like steams",Sale countdown?,1.0,1600068859.0,2020-09-15 07:34:19
1600109455,https://www.reddit.com/r/EpicGamesPC/comments/isra9o/mic_bug_in_fortnite/,"In my screen its showing that mic is working, I mean mic working animation coming in front of my name. But teammates can't hear me. Please help!!!",Mic bug in fortnite.,1.0,1600066255.0,2020-09-15 06:50:55
1600107130,https://www.reddit.com/r/EpicGamesPC/comments/isqh0z/what_did_he_do_again/,,What did he do again?,1.0,1600063930.0,2020-09-15 06:12:10
1600106364,https://www.reddit.com/r/EpicGamesPC/comments/isq71f/endless_redirecting_when_logging_in_through/,"Every time I try to login using my PS account, after a successful login, the epic games page will be stuck on a reloading loop. I've already disabled any VPNs and AdBlockers, even tried different browsers, no help. Any advice?",Endless redirecting when logging in through Playstation account,1.0,1600063164.0,2020-09-15 05:59:24
1600105939,https://www.reddit.com/r/EpicGamesPC/comments/isq1uu/if_you_delete_your_epic_account_is_it_possible_to/,[removed],"If you delete your Epic account, is it possible to create another one with the same e-mail adress?",1.0,1600062739.0,2020-09-15 05:52:19
1600105860,https://www.reddit.com/r/EpicGamesPC/comments/isq0xg/if_you_delete_your_epic_account_is_it_possible_to/,,"If you delete your Epic account, is it possible to create another one with the same e-mail adress?",1.0,1600062660.0,2020-09-15 05:51:00
1600105420,https://www.reddit.com/r/EpicGamesPC/comments/ispvkb/why_is_there_a_wishlist_limit/,"There is a wishlist limit of 50 in the store, can anyone explain why? There are a ton of games I want to get on the store and I would like a notification when they go on sale.",Why is there a wishlist limit?,1.0,1600062220.0,2020-09-15 05:43:40
1600104025,https://www.reddit.com/r/EpicGamesPC/comments/ispe4z/epic_games_doesnt_let_me_sign_in/,Whenever i try to sign in it tells me to change my password with instructions but whenever i try to i get no email the only way it lets me sign in is with google which when i change the password after logging in with google i still get the same message. anyone know how i can get past this,Epic games doesnt let me sign in,1.0,1600060825.0,2020-09-15 05:20:25
1600095112,https://www.reddit.com/r/EpicGamesPC/comments/ismcfo/login_to_rockstar_social_club_with_epic_games/,[removed],Login to Rockstar Social Club with epic games account,1.0,1600051912.0,2020-09-15 02:51:52
1600086590,https://www.reddit.com/r/EpicGamesPC/comments/isjx8w/issues_with_download_speed/,[removed],Issues with download speed,1.0,1600043390.0,2020-09-15 00:29:50
1600085824,https://www.reddit.com/r/EpicGamesPC/comments/isjqnw/unable_to_delete_a_desktop_shortcut_of_a_game/,,Unable to delete a desktop shortcut of a game that I refunded,1.0,1600042624.0,2020-09-15 00:17:04
1600085730,https://www.reddit.com/r/EpicGamesPC/comments/isjpt5/unable_to_uninstall_a_game/,,Unable to uninstall a game,1.0,1600042530.0,2020-09-15 00:15:30
1600082365,https://www.reddit.com/r/EpicGamesPC/comments/isiywt/thps_not_available_in_my_country/,[removed],THPS not available in my country,1.0,1600039165.0,2020-09-14 23:19:25
1600081281,https://www.reddit.com/r/EpicGamesPC/comments/isiqsq/will_the_epic_store_games_purchased_in_my_country/,"Epic Store is much similar to Steam but I'm not sure about their DRM. Steam DRM doesn't allow you to play a game purchased in your country if you travel to another country.

I wonder if the Epic Store doesn't allow you play your games if you travel to another country.",Will the Epic Store games purchased in my country work if I travel to another country?,1.0,1600038081.0,2020-09-14 23:01:21
1600070761,https://www.reddit.com/r/EpicGamesPC/comments/isgrof/why_cant_we_remove_games_from_our_epic_account/,"(I'm not talking about refunds, I want to remove some games I claimed when they were free) This is such a basic feature, I seriously cannot believe it's not available! Also, [this](https://i.redd.it/xek65pbpcf941.png) is straight up ridiculous (not my screenshot). ""Let it sit there."" Seriously?? My library is cluttered with games I'll never play, and there's not even an option to hide them.",Why can't we remove games from our Epic account??,0.57,1600027561.0,2020-09-14 20:06:01
1600068980,https://www.reddit.com/r/EpicGamesPC/comments/isgfgv/anyone_else_epic_launcher_freezes_or_lags_when_u/,[removed],Anyone else epic launcher freezes or lags when u are downloading something,0.5,1600025780.0,2020-09-14 19:36:20
1600042640,https://www.reddit.com/r/EpicGamesPC/comments/isa3b7/i_bought_ac_odyssey_season_pass_but_season_pass/,[deleted],I bought ac odyssey + season pass but season pass isnt shown,1.0,1599999440.0,2020-09-14 12:17:20
1600038416,https://www.reddit.com/r/EpicGamesPC/comments/is8wgq/game_library_missing_outer_worlds/,,Game Library Missing Outer Worlds,1.0,1599995216.0,2020-09-14 11:06:56
1600029234,https://www.reddit.com/r/EpicGamesPC/comments/is65nw/railway_empire_have_achievements/,,Railway Empire have achievements!,1.0,1599986034.0,2020-09-14 08:33:54
1600028128,https://www.reddit.com/r/EpicGamesPC/comments/is5sjy/can_anyone_help/,[removed],Can anyone help,0.5,1599984928.0,2020-09-14 08:15:28
1600025439,https://www.reddit.com/r/EpicGamesPC/comments/is4x4i/any_game_i_play_on_epic_always_has_low_fps/,[removed],Any game i play on Epic always has low fps,1.0,1599982239.0,2020-09-14 07:30:39
1600022305,https://www.reddit.com/r/EpicGamesPC/comments/is3vun/you_cannot_use_one_of_your_last_5_passwords/,[removed],you cannot use one of your last 5 passwords,0.33,1599979105.0,2020-09-14 06:38:25
1600021074,https://www.reddit.com/r/EpicGamesPC/comments/is3gyl/ive_been_staring_at_this_screen_for_20_minutes/,[removed],I‚Äôve been staring at this screen for 20 minutes,1.0,1599977874.0,2020-09-14 06:17:54
1600018852,https://www.reddit.com/r/EpicGamesPC/comments/is2pqw/how_does_eg_game_cloud_work/,[removed],how does EG game cloud work??,1.0,1599975652.0,2020-09-14 05:40:52
1600015717,https://www.reddit.com/r/EpicGamesPC/comments/is1qa9/my_connection_is_working_perfectly_fine_but_when/,[removed],My connection is working perfectly fine but when i'm trying to download something the download stays at 0B/s for no reason,1.0,1599972517.0,2020-09-14 04:48:37
1600013175,https://www.reddit.com/r/EpicGamesPC/comments/is0xro/help/,[removed],Help,1.0,1599969975.0,2020-09-14 04:06:15
1600010825,https://www.reddit.com/r/EpicGamesPC/comments/is07q7/epic_games_launcher_doesnt_know_that_the_game_is/,[removed],Epic Games Launcher doesn‚Äôt know that the game is already installed.,1.0,1599967625.0,2020-09-14 03:27:05
1600008755,https://www.reddit.com/r/EpicGamesPC/comments/irzln8/free_with_a_10_discount/,,Free with a 10% discount?!,1.0,1599965555.0,2020-09-14 02:52:35
1599999830,https://www.reddit.com/r/EpicGamesPC/comments/irxbo9/egs_wont_cancel_my_preorder_and_refund_me/,[removed],EGS wont cancel my pre-order and refund me.,1.0,1599956630.0,2020-09-14 00:23:50
1599995127,https://www.reddit.com/r/EpicGamesPC/comments/irwcqq/any_way_to_change_the_keybind_or_disable_epic/,I actually use F3 in my normal keybinds and i prefer not to have the social tab open every single time i use it.,Any way to change the keybind or disable EPIC overlay?,0.95,1599951927.0,2020-09-13 23:05:27
1599993769,https://www.reddit.com/r/EpicGamesPC/comments/irw33j/death_stranding_does_not_start_offline/,[removed],Death Stranding does not start offline.,1.0,1599950569.0,2020-09-13 22:42:49
1599980901,https://www.reddit.com/r/EpicGamesPC/comments/irtn45/anybody_have_a_fix_for_this/,,Anybody have a fix for this?,1.0,1599937701.0,2020-09-13 19:08:21
1599978028,https://www.reddit.com/r/EpicGamesPC/comments/irt4a7/ghost_recon_breakpoint_demo_to_full/,[removed],Ghost Recon Breakpoint Demo to full?,1.0,1599934828.0,2020-09-13 18:20:28
1599968104,https://www.reddit.com/r/EpicGamesPC/comments/irqzpa/help_with_save_file/,[removed],Help with Save File,1.0,1599924904.0,2020-09-13 15:35:04
1599967385,https://www.reddit.com/r/EpicGamesPC/comments/irqtfy/can_i_buy_an_account_with_all_the_free_games_on/,[removed],Can I buy an account with all the free games on it or will I get scammed?,1.0,1599924185.0,2020-09-13 15:23:05
1599942477,https://www.reddit.com/r/EpicGamesPC/comments/irk3y5/cant_reset_password_or_login_to_new_account/,[removed],Can't reset password or login to new account,1.0,1599899277.0,2020-09-13 08:27:57
1599938412,https://www.reddit.com/r/EpicGamesPC/comments/iriutz/operenciastolen_sun_free_vr_update_coming_to_egs/,,Operencia:Stolen Sun free VR Update coming to EGS Sept 15,0.91,1599895212.0,2020-09-13 07:20:12
1599938103,https://www.reddit.com/r/EpicGamesPC/comments/irirdw/question_about_achievements/,[removed],Question about Achievements,1.0,1599894903.0,2020-09-13 07:15:03
1599937766,https://www.reddit.com/r/EpicGamesPC/comments/irinq7/starting_games_offline/,Can someone explain to me why I can‚Äôt start a game that is already installed on my Laptop offline? I mean with GTAV i get it cuz of the age confirmation and all that but with railway empire? I already looked online after the code but couldn‚Äôt find anything.,Starting games offline,1.0,1599894566.0,2020-09-13 07:09:26
1599933965,https://www.reddit.com/r/EpicGamesPC/comments/irhh3s/godfall_available_for_prepurchase/,,Godfall available for pre-purchase,0.91,1599890765.0,2020-09-13 06:06:05
1599930029,https://www.reddit.com/r/EpicGamesPC/comments/irgamv/giveing_a_game_for_somone_else/,[removed],Giveing a game for Somone else,1.0,1599886829.0,2020-09-13 05:00:29
1599922325,https://www.reddit.com/r/EpicGamesPC/comments/irdybj/what_did_he_do_again/,,What did he do again?,1.0,1599879125.0,2020-09-13 02:52:05
1599918315,https://www.reddit.com/r/EpicGamesPC/comments/ircuu7/restoring_games_to_the_epic_launcher_platform/,[removed],Restoring games to the epic launcher platform?,1.0,1599875115.0,2020-09-13 01:45:15
1599910924,https://www.reddit.com/r/EpicGamesPC/comments/irb3hd/looking_for_account_with_gta_v/,[removed],Looking for account with GTA V,1.0,1599867724.0,2020-09-12 23:42:04
1599891259,https://www.reddit.com/r/EpicGamesPC/comments/ir7dsr/the_new_captcha_system_sucks/,"Couple days ago, i wanted to claim railway empire on my Newly assembled pc, it's been so long so i forgot my password. When i have reset, i was given a captcha that shows 6 mazes with rat and cheese and was asked to choose which one is unsolvable. As much as it was hard, i was asked 6 times to do this monstrosity. And every time i login, it asks for finding the dices with same face 3 times.

  


Its not like they are unsolvable but i dont want to spend 3-5 min and my undivided attention on a bloody captcha. Im not attending an interview. Why do epic need such complex captcha? What's wrong with rotating animal captcha? Id rather choose cross walks and traffic signals than this.",The new captcha system sucks.,1.0,1599848059.0,2020-09-12 18:14:19
1599889740,https://www.reddit.com/r/EpicGamesPC/comments/ir73fp/in_game_overlay_issue/,[removed],In game overlay issue,1.0,1599846540.0,2020-09-12 17:49:00
1599876197,https://www.reddit.com/r/EpicGamesPC/comments/ir433x/where_does_parental_accountability_begin_and_end/,"So Epic is being sued in California due to kids spending so much money on Fortnite without the parents consent.

https://www.latimes.com/business/story/2020-09-11/fortnite-children-purchases-refund

Fortnite had parental controls to prevent purchases.  Devices, including PCs, have parental controls to prevent purchases and/or prevent installing of any software without parent consent.

For example, my son literally cannot install anything on the PC or on any of his devices without my consent, none of things will allow him to do it.  He is also playing Diabotical, which has in app purchases, but his EGS account has parental controls on it, and he can't even buy anything on the game without me giving permission for it through typing the 6 digit code first, plus there is no payment information attached to the account anyways.

So where does parental accountability begin and end?  Should all these dev/pubs, whether it is Epic, Valve, EA, ect, be required to give refunds when ever a parent claims their kid bought it without permission?  I can see how that would be abused by people to get refunds after they changed their mind and they'll just claim their kid did it, even if the person doesn't have a child.

What are your thoughts?",Where does parental accountability begin and end?,1.0,1599832997.0,2020-09-12 14:03:17
1599867601,https://www.reddit.com/r/EpicGamesPC/comments/ir1xrf/kenabridge_of_spirits_delayed_till_q1_2021/,,Kena:Bridge of spirits delayed till q1 2021,1.0,1599824401.0,2020-09-12 11:40:01
1599866149,https://www.reddit.com/r/EpicGamesPC/comments/ir1jsh/oof/,,Oof,1.0,1599822949.0,2020-09-12 11:15:49
1599860734,https://www.reddit.com/r/EpicGamesPC/comments/ir002g/epic_games_utilizing_whole_internet/,[removed],Epic Games utilizing whole Internet,1.0,1599817534.0,2020-09-12 09:45:34
1599859449,https://www.reddit.com/r/EpicGamesPC/comments/iqzmlm/can_i_transfer_games_from_steam_to_epic_games/,[removed],Can I transfer games from Steam to Epic Games,1.0,1599816249.0,2020-09-12 09:24:09
1599857772,https://www.reddit.com/r/EpicGamesPC/comments/iqz4d0/insanely_slow_download_speeds_spellbreak/,[removed],Insanely slow download speeds (Spellbreak),1.0,1599814572.0,2020-09-12 08:56:12
1599857257,https://www.reddit.com/r/EpicGamesPC/comments/iqyylk/did_anyone_else_with_the_season_pass_not_get_the/,I never got the last DlC and even the other three in my library says ‚Äú buy now ‚Äú when you go to the store. Has this happened to anyone else ? I bought a key back in July and it worked and is in my epic transaction history letter for letter. Not to mention like I said I got the first three dlcs already in my library. Epic support said thats because I didn‚Äôt buy from there site but then why do they sell keys on humble bundle and such ? Any help would be appreciated as I really want to play the dlc I payed for and can‚Äôt afford to buy the season pass again rn with quarantine.,Did anyone else with the season pass not get the krieg DLC ?,1.0,1599814057.0,2020-09-12 08:47:37
1599857175,https://www.reddit.com/r/EpicGamesPC/comments/iqyxns/control_ultimate_edition_cheaper/,Why is Control Ultimate Edition much cheaper ($15.99) than the base game($29.99)?,Control Ultimate Edition cheaper?,1.0,1599813975.0,2020-09-12 08:46:15
1599856625,https://www.reddit.com/r/EpicGamesPC/comments/iqyrh6/support_a_creator/,[removed],Support a Creator,1.0,1599813425.0,2020-09-12 08:37:05
1599855908,https://www.reddit.com/r/EpicGamesPC/comments/iqyjb9/shame_on_epic_games_for_not_being_able_to_fix/,"Just google for the common problems with the Epic Games Launcher:  
\- ""Stuck on 'Please wait' when trying to download a game""    
\- ""Stuck on 0 kB/s download speed, when i got 500MBit internet and everything else works fine""  
\- ""How to fix very slow download speeds with the Epic Games Launcher""  

You find thousands and thousands of such forum posts - and hundreds of ""possible"" fixes by private people, not by Epic themselves.    
And you'll find those exact comments dated back to 2016.    
    
It's such a shame - it's ridiculous and pathic that Epic haven't been able to fix this after years and years when all other  gaming platforms work fine.",Shame on Epic Games for not being able to fix their Games Launcher - It's been years now!,1.0,1599812708.0,2020-09-12 08:25:08
1599850054,https://www.reddit.com/r/EpicGamesPC/comments/iqwnfz/disco_elysium_or_outer_wilds/,"I like reading and great stories, but I also like quirky games with surprises (and I'm still totally in the dark about this one). But which to buy?

Still have my $10 coupon.",Disco Elysium or Outer Wilds?,1.0,1599806854.0,2020-09-12 06:47:34
1599849931,https://www.reddit.com/r/EpicGamesPC/comments/iqwlz4/wont_load/,"my epic games launcher worked just fine last night but today when i opened it i had to sign in (which isn‚Äôt abnormal) but then it wouldn‚Äôt take my email and i had to restart my pc for it to work. now it‚Äôs taken my email but it‚Äôs stuck on the ‚Äúpreparing epic games launcher‚Äù page, any suggestion?",won‚Äôt load,1.0,1599806731.0,2020-09-12 06:45:31
1599849780,https://www.reddit.com/r/EpicGamesPC/comments/iqwk79/installer_stuck_on_please_wait_suggested_diy/,"If the installer seems completely stuck, before it starts downloading. Say for instance after restarting a download. You can find out why it is stuck. There's a big chance it's trying to find stuff on your disk.

Use Process Monitor to find out: [https://docs.microsoft.com/en-us/sysinternals/downloads/procmon](https://docs.microsoft.com/en-us/sysinternals/downloads/procmon)

Toggle the toolbar to look like this in order to only monitor disc activity.

https://preview.redd.it/76efw800bkm51.png?width=472&amp;format=png&amp;auto=webp&amp;s=b3a4cd709047248b5fe9ed0c19612e138c0fe7dc

Set up an include filter like this. (Click the white and blue filter cone in the toolbar above.)

Then add the green ones down here.

https://preview.redd.it/jmbjrhz5bkm51.png?width=542&amp;format=png&amp;auto=webp&amp;s=63a0276e7086345aff9c3c22b5bab356e560a0f5

On my end these rows were alternating. So I figured something in the db was pointing to a folder that didn't exist. See image.

https://preview.redd.it/u0hjjbwkakm51.png?width=802&amp;format=png&amp;auto=webp&amp;s=7bd5a79d1be33fb852aaa80703dec4e88d4bbeac

So in my case, the solution was to delete the webcache folder in order to remove the database. When I did, and restarted (as admin, always, just to be sure) it worked immediately again. The database was recreated just when the launcher started. In my experience, deleting within the /users/\[Username\]/appdata/local/EpicGamesLauncher folder is reasonably safe. The worst thing seems to be having to login again.

If in your case, there is no reoccurring pattern, it's probably just doing an integrity check. In that case I'd just wait. But if something is over and over being queried unsuccessfully for a long time, something might be wrong. Just like in my case.

Good luck!","Installer stuck on ""Please wait"", suggested DIY troubleshooting",1.0,1599806580.0,2020-09-12 06:43:00
1599847079,https://www.reddit.com/r/EpicGamesPC/comments/iqvo9d/any_idea_on_gifting_a_game_upgrade/,"I‚Äôm in the US and want to somehow ‚Äúgift‚Äù a DLC upgrade to a friend in another country, any advice on a relatively ‚Äúeasy‚Äù way to make this happen? 

I already tried logging into his account and just make the purchase but it doesn‚Äôt let me since I‚Äôm in a different country.",Any idea on gifting a game upgrade,1.0,1599803879.0,2020-09-12 05:57:59
1599845778,https://www.reddit.com/r/EpicGamesPC/comments/iqv8pk/installer_stuck_on_please_wait_while_we_start/,"trying to troubleshoot since 2 hours and nothing happens. is there a working way ?

&amp;#x200B;

i've tried -http=wininet tried turning off firewall, antivirus nothing works","Installer stuck on ""please wait while we start your update""",1.0,1599802578.0,2020-09-12 05:36:18
1599843704,https://www.reddit.com/r/EpicGamesPC/comments/iquj6v/another_attempt_to_fix_download_speed/,[removed],Another attempt to fix download speed,1.0,1599800504.0,2020-09-12 05:01:44
1599842445,https://www.reddit.com/r/EpicGamesPC/comments/iqu3ua/does_anyone_have_a_solution_for_this_stupid_bug/,"When i start lets say fortnite and it works perfectly fine but when i the loading screen starts i crash after 10 seconds
This also applies to other games such as dauntless",Does anyone have a solution for this stupid bug,1.0,1599799245.0,2020-09-12 04:40:45
1599841791,https://www.reddit.com/r/EpicGamesPC/comments/iqtvvh/my_download_of_gta_v/,[removed],My download of GTA V,1.0,1599798591.0,2020-09-12 04:29:51
1599837731,https://www.reddit.com/r/EpicGamesPC/comments/iqsjmj/spelling_mistake_on_the_outer_worlds_peril_on/,,"Spelling mistake? On ""The Outer Worlds - Peril on Gorgon"" Just wondering",1.0,1599794531.0,2020-09-12 03:22:11
1599836165,https://www.reddit.com/r/EpicGamesPC/comments/iqs19o/freezenon/,[removed],#Freezenon,1.0,1599792965.0,2020-09-12 02:56:05
1599834964,https://www.reddit.com/r/EpicGamesPC/comments/iqrnyr/how_can_i_download_games_directly_into_cloud/,I want do download gta 5 trough epic games but i dont have space in my laptop and i want to download it in cloud,How can i download games directly into cloud,1.0,1599791764.0,2020-09-12 02:36:04
1599834325,https://www.reddit.com/r/EpicGamesPC/comments/iqrh2o/launcher_issue/,[removed],launcher issue,1.0,1599791125.0,2020-09-12 02:25:25
1599832459,https://www.reddit.com/r/EpicGamesPC/comments/iqqwp5/does_anyone_have_this_problem_signin_failed_any/,,Does anyone have this problem (sign-in failed) any solutions ?,1.0,1599789259.0,2020-09-12 01:54:19
1599829245,https://www.reddit.com/r/EpicGamesPC/comments/iqpzpn/5_best_news_from_ubisoft_forward/,,5 best news from ubisoft forward,1.0,1599786045.0,2020-09-12 01:00:45
1599828040,https://www.reddit.com/r/EpicGamesPC/comments/iqpogp/unpopular_opinion_the_people_saying_that_steam_is/,"Not to mention the fact that the subreddit is called ‚ÄúEpicGamesPC‚Äù not ‚ÄúMoneySimulatorValve‚Äù, so I‚Äôm tired of seeing comparisons between Steam and and Epic, Epic has already done a lot more than Steam or Valve did since 2012. Before I get called out for the ‚Äúfree games‚Äù, I already got a 3k library on Steam that I couldn‚Äôt care less about and I‚Äôd rather buy any game again on Epic or GOG as a download free copy.","Unpopular opinion: The people saying that Steam is better than Epic, are the old dogs who are too dumb to realise Steam hasn‚Äôt done a single thing for them in the last 10 years",1.0,1599784840.0,2020-09-12 00:40:40
1599827695,https://www.reddit.com/r/EpicGamesPC/comments/iqpld8/download_is_bad_always_on_0_bs_but_my_internet/,,Download is bad (always on 0 b/s) but my Internet isnt,1.0,1599784495.0,2020-09-12 00:34:55
1599822129,https://www.reddit.com/r/EpicGamesPC/comments/iqoc69/buy_dlc_from_egs_while_owning_the_game_on_uplay/,[removed],Buy DLC from EGS while owning the game on uPlay ?,1.0,1599778929.0,2020-09-11 23:02:09
1599805227,https://www.reddit.com/r/EpicGamesPC/comments/iql7g3/prince_of_persia_the_sands_of_time_remake_on_egs/,,Prince of Persia: The Sands of Time Remake on EGS and Uplay Exclusive? Could it be another one-year exclusivity over Steam?,1.0,1599762027.0,2020-09-11 18:20:27
1599803666,https://www.reddit.com/r/EpicGamesPC/comments/iqkwqz/why_did_i_get_hitman_instead_of_hitman_goty/,"So like a few weeks ago, Hitman GOTY edition was free on epic games, i claimed it, and when i downloaded it, i only got Hitman, there wasnt any Legacy content, when i tried to search my version of Hitman by clicking ""Go to store page"" i was sent to Hitman GOTY edition, and it said it was unavailable",Why did i get Hitman instead of Hitman GOTY edition,1.0,1599760466.0,2020-09-11 17:54:26
1599801749,https://www.reddit.com/r/EpicGamesPC/comments/iqkj2g/is_there_something_wrong_with_my_download/,[removed],Is there something wrong with my download?!,1.0,1599758549.0,2020-09-11 17:22:29
1599791856,https://www.reddit.com/r/EpicGamesPC/comments/iqi3gp/download_restarting_from_zero/,[removed],Download Restarting from zero ?,1.0,1599748656.0,2020-09-11 14:37:36
1599791549,https://www.reddit.com/r/EpicGamesPC/comments/iqi0df/help/,,helpÔΩû,1.0,1599748349.0,2020-09-11 14:32:29
1599791499,https://www.reddit.com/r/EpicGamesPC/comments/iqhzvq/12_hours_for_6gb/,[removed],12 hours for 6gb,1.0,1599748299.0,2020-09-11 14:31:39
1599791128,https://www.reddit.com/r/EpicGamesPC/comments/iqhw5p/help/,,helpÔΩû,1.0,1599747928.0,2020-09-11 14:25:28
1599789151,https://www.reddit.com/r/EpicGamesPC/comments/iqhcbz/is_there_really_no_option_to_download_specific_or/,"I need to re download borderlands 3 but i just want to download the base game and dlc 4. 

There is no option at all to even download just the base game",Is there really no option to download specific or no DLC?,1.0,1599745951.0,2020-09-11 13:52:31
1599788732,https://www.reddit.com/r/EpicGamesPC/comments/iqh89j/is_it_just_me_or_is_epic_not_downloading_anything/,"I still get less than 1 MB/s speeds, considering that I downloaded Far Cry 4 on UPlay yesterday with 15-20 MB/s. Is it a problem from Epic, or is it something wrong with my PC?","Is it just me, or is Epic not downloading anything?",0.99,1599745532.0,2020-09-11 13:45:32
1599788165,https://www.reddit.com/r/EpicGamesPC/comments/iqh2ov/apple_previously_stated_they_would_terminate_sign/,,"Apple previously stated they would terminate ‚ÄúSign In with Apple‚Äù support for Epic Games accounts after Sept 11, 2020, but today provided an indefinite extension. We still recommend you prepare your accounts now for ‚ÄúSign In with Apple‚Äù removal.",1.0,1599744965.0,2020-09-11 13:36:05
1599785769,https://www.reddit.com/r/EpicGamesPC/comments/iqgf17/error_ecbpsfc025/,bro i need help,error EC-BPS-FC02-5,1.0,1599742569.0,2020-09-11 12:56:09
1599785430,https://www.reddit.com/r/EpicGamesPC/comments/iqgbhu/dear_epic_your_launcher_is_bad_convince_me/,"Why am I forced to both download and install an update? Is there any reason Epic believes this to be more efficient than just downloading the content first? 

Why does a 1GB update with 80GB free on an M.2 SSD result in ""Your disk space is too low and download times may be increased"". 

Why is the launcher practically locked at 3.5MB/s Download speed at any given point?

**Just let me download the stupid update and install it like practically every other launcher out there. For god's sake give me the option to enable or disable download+install. It's a garbage feature.**

For the simps:

\- No my internet is not slow. Steam games download at 35-40MB/s

\- No my drive isn't slow. I have one of the faster M2 drives available.

\- It's not my drivers

\- Epic launcher is honestly just bad

That is all. This will probably be removed for shitpost/low effort.",Dear Epic - Your launcher is bad. Convince me otherwise.,1.0,1599742230.0,2020-09-11 12:50:30
1599782004,https://www.reddit.com/r/EpicGamesPC/comments/iqfd9z/i_keep_trying_to_update_my_gta_v_and_rogue/,,I keep trying to update my GTA V and Rogue Company and this error message shows. Pls help,1.0,1599738804.0,2020-09-11 11:53:24
1599777303,https://www.reddit.com/r/EpicGamesPC/comments/iqdzil/how_to_make_launcher_never_update_on_its_own/,[removed],How to make launcher never update on it's own.,1.0,1599734103.0,2020-09-11 10:35:03
1599774975,https://www.reddit.com/r/EpicGamesPC/comments/iqd9wv/update_sign_in_with_apple_being_extended/,,"Update: ""Sign in with Apple"" being extended",1.0,1599731775.0,2020-09-11 09:56:15
1599766988,https://www.reddit.com/r/EpicGamesPC/comments/iqao4e/buying_death_stranding_on_epic_or_steam/,[removed],Buying Death Stranding on Epic or Steam?,1.0,1599723788.0,2020-09-11 07:43:08
1599765796,https://www.reddit.com/r/EpicGamesPC/comments/iqa9np/nothing_would_download/,"The problem occurred after i closed the client when it was downloading an undate for Fortnite . After i re-opened the client the update froze and when i try to update or download other games they would freeze on please wait  to . What should can i do ?

Never had this problem before .",Nothing would download.,1.0,1599722596.0,2020-09-11 07:23:16
1599764771,https://www.reddit.com/r/EpicGamesPC/comments/iq9x1f/routing_problems_to_austria/,"For over a week now, me and my friends all over Austria are having EXTREMELY low download and patch speeds for games in the epic store. Like 5 minutes for a 50mb patch slow, even though i have a 250mbit internet connection that works fine.

where can i report this or does anyone know what to do?",Routing problems to Austria,1.0,1599721571.0,2020-09-11 07:06:11
1599764626,https://www.reddit.com/r/EpicGamesPC/comments/iq9v9j/from_the_creators_of_what_remains_of_edith_finch/,,"From the creators of ""What Remains of Edith Finch"", an old PS3 exclusive finally comes to PC. 'The Unfinished Swan' is now available on EGS.",1.0,1599721426.0,2020-09-11 07:03:46
1599763281,https://www.reddit.com/r/EpicGamesPC/comments/iq9el3/what_did_he_do_again/,,What did he do again?,1.0,1599720081.0,2020-09-11 06:41:21
1599763125,https://www.reddit.com/r/EpicGamesPC/comments/iq9cqb/having_problems_with_the_download_speed/,"The speed stays at 0 mb for around 30 sec, then it spikes up to 400 mb for a second and then drops to zero again.

https://preview.redd.it/1tpbhzrd7dm51.png?width=1851&amp;format=png&amp;auto=webp&amp;s=cb1ac8f8656e3d44dc8b39a1c036f606874fadea",Having problems with the download speed.,1.0,1599719925.0,2020-09-11 06:38:45
1599762078,https://www.reddit.com/r/EpicGamesPC/comments/iq901v/what_are_the_best_games_that_i_can_use_my_10/,"So i saw a lot of good games with these new creators choice deals, and I was wondering which one would be the best game that I could buy, I was leaning on the jackbox party games, but I'm not really sure. If you guys could recommend me the best options in there where I would spend the least amount of money it would be great.

P.S the coupon is only for games that are priced at $14.99, also Idk if i can use it on these deals but i don't see why not. 

Thanks in advance.",What are the best games that i can use my 10$ coupon?,1.0,1599718878.0,2020-09-11 06:21:18
1599762036,https://www.reddit.com/r/EpicGamesPC/comments/iq8zkb/incredibly_slow_download/,[removed],Incredibly slow download,1.0,1599718836.0,2020-09-11 06:20:36
1599761154,https://www.reddit.com/r/EpicGamesPC/comments/iq8ovh/the_outer_worlds_updates_every_day_is_this_normal/,,The Outer Worlds updates every day... Is this normal?,1.0,1599717954.0,2020-09-11 06:05:54
1599760151,https://www.reddit.com/r/EpicGamesPC/comments/iq8ckb/i_made_a_video_talking_about_the_new_diabotical/,,I made a video talking about the new Diabotical Arena FPS (free on epic games store!) and it's similarities and differences to the Unreal series!,1.0,1599716951.0,2020-09-11 05:49:11
1599757750,https://www.reddit.com/r/EpicGamesPC/comments/iq7j6p/my_epic_account_is_completely_gone/,[removed],My epic account is completely gone,1.0,1599714550.0,2020-09-11 05:09:10
1599756494,https://www.reddit.com/r/EpicGamesPC/comments/iq73vu/hey_epic_games/,"I just wish if  you guys can make dark souls prepare to die edition for free in the following weeks.i know i'm not the only one who feels this way about this game.but it would be a great game to give out,since its going for ridiculous amount of money in other stores,and as you may know steam removed it..honestly i wouldn't use steam again since you guys are doing a god job..share or something so epic games can see this",HEY EPIC GAMES!!!!!!!!!!!!!,1.0,1599713294.0,2020-09-11 04:48:14
1599756055,https://www.reddit.com/r/EpicGamesPC/comments/iq6ye5/epic_games_launcher_suddenly_crashes_on_startup/,[removed],epic games launcher suddenly crashes on startup,1.0,1599712855.0,2020-09-11 04:40:55
1599755360,https://www.reddit.com/r/EpicGamesPC/comments/iq6q5m/be_careful_with_uninstalling_egs_client_you_can/,,Be careful with uninstalling EGS client. You can lose all installed games,1.0,1599712160.0,2020-09-11 04:29:20
1599754999,https://www.reddit.com/r/EpicGamesPC/comments/iq6lne/a_fortnite_update_stuck_on_please_wait/,"I wanted to download the update, and now it's stuck on ""please wait"" for about 20 minutes. Is there a fix?","A fortnite update stuck on ""please wait""",1.0,1599711799.0,2020-09-11 04:23:19
1599754729,https://www.reddit.com/r/EpicGamesPC/comments/iq6ibs/as_far_as_the_eye_and_the_unfinished_swan_are_now/,"[https://www.epicgames.com/store/en-US/product/the-unfinished-swan](https://www.epicgames.com/store/en-US/product/the-unfinished-swan)

&amp;#x200B;

[https://www.epicgames.com/store/en-US/product/as-far-as-the-eye](https://www.epicgames.com/store/en-US/product/as-far-as-the-eye)",As Far As The Eye and The Unfinished Swan are now on the Epic Games Store,1.0,1599711529.0,2020-09-11 04:18:49
1599754241,https://www.reddit.com/r/EpicGamesPC/comments/iq6co2/wanted_to_update_gta5_but_got_fault_code_ismf025/,,Wanted to update gta5 but got fault code IS-MF02-5 what can i do to resolve it?,1.0,1599711041.0,2020-09-11 04:10:41
1599753077,https://www.reddit.com/r/EpicGamesPC/comments/iq5yt0/epic_games_launcher_issues/,[removed],Epic games launcher issues,1.0,1599709877.0,2020-09-11 03:51:17
